{"cameraMode":{"drawMode":0,"name":"Shaded","section":"Shading Mode"},"sceneLighting":false,"audioPlay":false,"sceneViewState":{"showFog":true,"showMaterialUpdate":false,"showSkybox":true,"showFlares":true,"showImageEffects":true,"showParticleSystems":true},"in2DMode":false,"pivot":{"x":790.6749267578125,"y":68.08867645263672,"z":799.3099365234375},"rotation":{"x":-0.0390198789536953,"y":0.5738485455513,"z":0.027387863025069238,"w":0.817573070526123},"size":8.421250343322754,"orthographic":false}