{"cameraMode":{"drawMode":0,"name":"Shaded","section":"Shading Mode"},"sceneLighting":false,"audioPlay":false,"sceneViewState":{"showFog":true,"showMaterialUpdate":false,"showSkybox":true,"showFlares":true,"showImageEffects":true,"showParticleSystems":true},"in2DMode":false,"pivot":{"x":808.5884399414063,"y":23.939912796020509,"z":737.9391479492188},"rotation":{"x":0.32539090514183047,"y":-0.3116035759449005,"z":-0.11451832205057144,"w":-0.8853867053985596},"size":10.0,"orthographic":false}